{
	"partitions" : [
		{
			"name" : "Top",
			"pins" : [
				{
					"name" : "salida[0]",
					"strict" : false
				},
				{
					"name" : "salida[1]",
					"strict" : false
				},
				{
					"name" : "salida[2]",
					"strict" : false
				},
				{
					"name" : "salida[3]",
					"strict" : false
				},
				{
					"name" : "salida[4]",
					"strict" : false
				},
				{
					"name" : "salida[5]",
					"strict" : false
				},
				{
					"name" : "salida[6]",
					"strict" : false
				},
				{
					"name" : "salida[7]",
					"strict" : false
				},
				{
					"name" : "salida[8]",
					"strict" : false
				},
				{
					"name" : "salida[9]",
					"strict" : false
				},
				{
					"name" : "salida[10]",
					"strict" : false
				},
				{
					"name" : "salida[11]",
					"strict" : false
				},
				{
					"name" : "salida[12]",
					"strict" : false
				},
				{
					"name" : "salida[13]",
					"strict" : false
				},
				{
					"name" : "salida[14]",
					"strict" : false
				},
				{
					"name" : "salida[15]",
					"strict" : false
				},
				{
					"name" : "salida[16]",
					"strict" : false
				},
				{
					"name" : "salida[17]",
					"strict" : false
				},
				{
					"name" : "salida[18]",
					"strict" : false
				},
				{
					"name" : "salida[19]",
					"strict" : false
				},
				{
					"name" : "salida[20]",
					"strict" : false
				},
				{
					"name" : "salida[21]",
					"strict" : false
				},
				{
					"name" : "salida[22]",
					"strict" : false
				},
				{
					"name" : "salida[23]",
					"strict" : false
				},
				{
					"name" : "salida[24]",
					"strict" : false
				},
				{
					"name" : "salida[25]",
					"strict" : false
				},
				{
					"name" : "salida[26]",
					"strict" : false
				},
				{
					"name" : "salida[27]",
					"strict" : false
				},
				{
					"name" : "salida[28]",
					"strict" : false
				},
				{
					"name" : "salida[29]",
					"strict" : false
				},
				{
					"name" : "salida[30]",
					"strict" : false
				},
				{
					"name" : "salida[31]",
					"strict" : false
				},
				{
					"name" : "jump[2]",
					"strict" : false
				},
				{
					"name" : "jump[3]",
					"strict" : false
				},
				{
					"name" : "jump[4]",
					"strict" : false
				},
				{
					"name" : "jump[5]",
					"strict" : false
				},
				{
					"name" : "jump[6]",
					"strict" : false
				},
				{
					"name" : "clk",
					"strict" : false
				}
			]
		}
	]
}